pdb_id,nres,gen_tm_mean,gen_tm_std,gen_tm_gt70,gt_tm_mean,gen_rmsd_mean,gen_gdt_ts,gen_bond_dev,gen_valid_pct,gen_clash_pct,gt_helix,gen_helix,gt_strand,gen_strand,helix_pres_ratio,rmsf_pearson,rmsf_ratio,gt_rmsf_mean,gen_rmsf_mean,gen_div_rmsd,gt_div_rmsd,div_ratio,gt_rg,gen_rg,gt_rama_fav,gen_rama_fav
1b8d_K,164,0.8990672403015196,0.05185485329851903,1.0,0.5889301421120763,1.6216265848517661,0.7733064977134146,0.0940009877376724,0.7865222392638036,0.0,0.7325171493902439,0.5441596798780488,0.00019054878048780488,0.0,0.7428627170449372,0.5966044664382935,0.5660665735056009,1.8666865825653076,1.0566688776016235,0.6586083900654452,3.6277372872692415,0.18154798374642198,19.29605777246273,18.39228236792571,0.9349118098159509,0.9437787576687117
1c52_A,131,0.930233043152839,0.03566152740998798,1.0,0.8867716207168996,1.180702378872562,0.8686635257633588,0.09516697490471415,0.7354567307692308,0.0,0.45992366412213737,0.3470300572519084,0.05337547709923664,0.01979961832061069,0.7545383817427387,0.39024972915649414,0.8807363820184633,1.076581358909607,0.9481843709945679,0.5705435995740452,1.1507667260608454,0.4957943140457803,14.03170130339237,13.871603500579267,0.8593149038461538,0.8532451923076924
1cuo_A,129,0.9517587702721357,0.026340425548665024,1.0,0.9146920517086983,0.930792710788424,0.9138051114341086,0.09484978090040386,0.7266845703125,0.0,0.12312257751937986,0.07346172480620157,0.3439316860465116,0.1227592054263566,0.5966551893753075,0.35985568165779114,0.8798352011266164,0.7595593333244324,0.6682870388031006,0.5084353952914819,1.0718898767712473,0.4743354763485535,14.189097715074396,13.777497612696578,0.8897705078125,0.9051513671875
1h99_A,224,0.9426105739548802,0.03162277926766875,1.0,0.8037541145458817,1.389475502359435,0.83612060546875,0.09379736689152196,0.7515765134529148,0.0,0.7106584821428572,0.5491768973214286,0.00013950892857142856,0.0,0.7727718884962701,0.783145010471344,0.3987657470674506,2.196584701538086,0.8759227395057678,0.7463355329872547,2.874474349789236,0.2596424396836166,22.011455529214054,22.59049786097862,0.9401975896860987,0.9467839125560538
1huf_A,140,0.9017354482784867,0.04386422336526131,1.0,0.8666895749047399,1.593245427143195,0.8178850446428572,0.0901333175424952,0.7987297661870504,0.0,0.4491071428571429,0.37410714285714275,0.1611049107142857,0.08158482142857143,0.8330019880715702,0.8153313398361206,0.6910122864274403,1.3337275981903076,0.9216221570968628,0.7821952778032456,2.3886533775548826,0.3274628647057744,15.129785057232723,15.720649419272657,0.8967513489208633,0.9033273381294964
1jif_A,122,0.9032135023735464,0.051935080653751915,1.0,0.7857841197401285,1.421294796268814,0.8388031506147542,0.08824833855032921,0.7600723140495868,0.0,0.18711577868852458,0.15663422131147542,0.31755891393442626,0.14683657786885246,0.8370978781656401,0.618804395198822,0.6906042776777486,1.2729824781417847,0.8791271448135376,0.625828497437225,1.8761892087158116,0.33356363768107566,14.31679474230159,14.520635047328621,0.898566632231405,0.9003744834710744
1lfp_A,249,0.9435784351080656,0.034529804206818754,1.0,0.8365685516037047,1.4460789029954242,0.831074297188755,0.08963741172919981,0.7700352822580645,0.0,0.4211847389558233,0.2626443273092369,0.22251506024096387,0.08323920682730926,0.6235846245530392,0.269632488489151,0.520485023135679,1.696962833404541,0.88324373960495,0.5762322218253695,3.027389179427048,0.19033965825775492,19.161208740663174,18.29517805725211,0.9001071068548387,0.8934916834677419
1ng6_A,148,0.9207773027010262,0.03693582662272278,1.0,0.693053093040362,1.349128908625243,0.8312130489864864,0.09973308554617688,0.6310586734693877,0.0,0.7693201013513513,0.5307221283783784,0.001583614864864865,0.0,0.6898586523946755,0.31328949332237244,0.42699310503176596,2.1079134941101074,0.9000645279884338,0.6454672335893258,2.654997222862024,0.24311408992493308,18.468019269180544,17.579801296715075,0.9376594387755102,0.9444621598639455
1o1x_A,155,0.940943737514317,0.03433945450604405,1.0,0.8111561983823776,1.2027111608658387,0.8799773185483871,0.08955916273407638,0.8204646915584415,0.0,0.4258064516129032,0.2969254032258064,0.14979838709677418,0.08674395161290321,0.6973248106060606,0.7657755017280579,0.3924774779690236,2.250401735305786,0.8832319974899292,0.5603118395668337,3.28624444227109,0.17050217943605192,16.213127256327923,16.764419298733802,0.9197443181818182,0.911424512987013
1qau_A,112,0.9133843327872455,0.03278908491602037,1.0,0.806030873209238,1.265463492530488,0.8593924386160714,0.09938831834006123,0.7750563063063063,0.0,0.12723214285714285,0.08977399553571429,0.4264090401785714,0.1265345982142857,0.705592105263158,0.7996885180473328,0.5692297868338544,1.5933576822280884,0.906986653804779,0.6684694045234001,1.4505523369230073,0.46083783915125376,14.311567774943256,14.190009826506666,0.8511402027027027,0.8560670045045045
1qw2_A,102,0.9247661326080561,0.028899469142517228,1.0,0.7838908135890961,1.13493636023607,0.8943972120098038,0.09937789069954306,0.692605198019802,0.0,0.23897058823529413,0.17264093137254904,0.30882352941176466,0.12607230392156862,0.7224358974358975,0.9211156964302063,0.44509676827610173,1.8455779552459717,0.8214607834815979,0.6228164503971736,3.2910616652718905,0.18924484368351077,13.752201124830162,14.070396853066388,0.8670327970297029,0.8927134900990099
1r6l_A,239,0.9475448769517243,0.029168409768340682,1.0,0.8724826718680561,1.3532213104914526,0.847460120292887,0.08137290901504457,0.7856814600840335,0.0,0.3087081589958159,0.21299686192468617,0.2867089435146444,0.12630753138075312,0.6899618805590851,0.6988560557365417,0.5464467678299851,1.4372520446777344,0.7853817343711853,0.6249331990535232,2.2879776976574426,0.2731378018646616,18.29395739944554,17.969569128787192,0.8658416491596639,0.902015493697479
1r8m_E,203,0.9331895220093429,0.03262887990738118,1.0,0.8903106865473092,1.502073548180256,0.8270377924876848,0.08703518123365939,0.7169709158415841,0.0,0.6351985837438423,0.47306034482758624,0.00023091133004926107,0.0033866995073891628,0.7447440169645563,0.8335059285163879,0.8666546830349211,1.0030573606491089,0.869304358959198,0.6640123794133636,1.6509345116286442,0.4022039485735363,19.932633565729027,19.840873760322097,0.925471844059406,0.9326655321782178
1sei_A,130,0.9396890997886658,0.03369702885584399,1.0,0.8367798011749983,1.0550865233311484,0.8862830528846154,0.09646129456814378,0.6783551356589146,0.0,0.2875,0.20120192307692308,0.29657451923076916,0.13641826923076922,0.6998327759197325,0.6133327484130859,0.6994422247598551,1.2903941869735718,0.9025561809539795,0.5590522017629668,1.6744036759453258,0.33388137507960264,15.297103627608596,15.152174543080523,0.8687621124031008,0.8590116279069767
1tzv_A,142,0.9546356103383005,0.022386936122340023,1.0,0.9352352367714047,0.9663806769420233,0.9133197623239437,0.09427210988360457,0.6768062943262412,0.0,0.7189700704225352,0.47738776408450706,0.0,0.0,0.663988368533823,0.7206836938858032,1.0341987506073378,0.7133612036705017,0.7377572655677795,0.537138752690677,1.0054934925046461,0.5342041064360196,15.081981444048875,15.074087293584851,0.9546210106382979,0.9504654255319149
1uz3_B,102,0.840534457936883,0.08398425720907123,1.0,0.751644326839596,1.8518044962382323,0.7709673713235294,0.10413647603127174,0.690362004950495,0.0,0.6986825980392155,0.5302542892156863,0.0,0.0,0.7589344442008333,0.9161216616630554,0.6640639339730257,2.001666784286499,1.3292347192764282,0.8447862640194509,2.873274207663262,0.2940151906721382,18.288791769081897,18.591954686446996,0.911355198019802,0.9075649752475248
1wpb_A,172,0.8819133653305471,0.07912339005872113,1.0,0.3464450775645673,1.9077106271274218,0.7550872093023255,0.09818863763939589,0.7418220029239765,0.0,0.5747638081395348,0.3809956395348837,0.011718749999999997,0.00436046511627907,0.6628733997155051,0.32259127497673035,0.2813881773718411,4.942129135131836,1.3906567096710205,0.8490655903843628,5.147066534798721,0.16496106756031395,19.849236320685506,22.73337952844411,0.9159356725146199,0.9093110380116959
1xeo_A,168,0.950054984074086,0.026082991414176162,1.0,0.8536457358859479,1.125884444804214,0.8844284784226191,0.10360111962654628,0.7082241766467066,0.0,0.33407738095238093,0.23470052083333331,0.25883556547619047,0.11755952380952381,0.702533407572383,0.7042261958122253,0.6230070718569309,1.3677486181259155,0.8521170616149902,0.5958125784821894,1.6790626812255245,0.35484832409431794,16.647421137428662,16.31466986519759,0.8791167664670658,0.8872567365269461
1z21_A,112,0.8777127633802593,0.05947637731421194,1.0,0.8844599965959787,1.6206340846427487,0.8107386997767858,0.11854721733834594,0.6128941441441441,0.0,0.66650390625,0.5211356026785714,0.001953125,0.0,0.7818942961800104,0.6867144107818604,0.9083450493941148,1.1559489965438843,1.050000548362732,0.7826036062048769,2.2133346954981485,0.35358574904946255,14.688176055417355,14.589000721505293,0.9401041666666666,0.9298282657657657
1z2u_A,150,0.9363849232904613,0.03710852951943229,1.0,0.922329262830317,1.2283314949886464,0.8744661458333334,0.0970835160696879,0.7483745805369127,0.0,0.3726041666666666,0.23661458333333335,0.17197916666666666,0.06921874999999998,0.6350293542074366,0.6098631620407104,1.0615717174112231,0.7873179316520691,0.8357944488525391,0.5487915127784356,1.138164989016522,0.48217219653948534,16.414608358443797,16.2893597889969,0.9055683724832215,0.9146916946308725
1zd7_B,159,0.9537388924509287,0.023305459361176506,1.0,0.9496298260055482,1.0259145953413515,0.8978847287735849,0.08797898795455694,0.7726958069620253,0.0,0.16877948113207547,0.10652515723270439,0.498624213836478,0.17718160377358494,0.6311499272197961,0.42539504170417786,1.2558088305352129,0.6556086540222168,0.823319137096405,0.5113522217534054,0.8957210346200001,0.5708833464766639,15.105388876033176,15.043031852751582,0.8845431170886076,0.8830102848101266
2abk_A,211,0.9600265258923173,0.023239878217761696,1.0,0.8529673013836145,1.0837623309669873,0.8917728080568721,0.09577538500889204,0.7005208333333333,0.0,0.5492076421800948,0.44005479857819907,0.0,0.0,0.8012539607631632,0.582120418548584,0.4305573348086706,1.7373374700546265,0.7480233907699585,0.5207165550569008,1.59683885081061,0.3260921130473293,19.45686914534471,19.007371464486283,0.8928943452380952,0.9174107142857143
2bo1_A,101,0.9291251227259636,0.04191768902260458,1.0,0.928389007691294,1.0226431927464148,0.899810488861386,0.08604126243153587,0.769453125,0.0,0.4477103960396041,0.30058787128712877,0.17620668316831684,0.0775061881188119,0.6713890808569453,0.5056729912757874,1.1442817384505177,0.7845600247383118,0.8977577090263367,0.4708249400744493,1.109675994960741,0.42429046155144273,12.756177876366667,12.907333027456342,0.90046875,0.91265625
2ebb_A,101,0.9172992869280279,0.04906268744063898,1.0,0.8268933077342808,1.1711826063535753,0.8833926361386139,0.10267786146141589,0.641015625,0.0,0.42535581683168333,0.39348700495049516,0.19098081683168322,0.11579517326732677,0.9250772867794144,0.7628767490386963,0.7599070764586001,1.1776022911071777,0.8948683142662048,0.5415766805752941,1.7814149833273614,0.3040148902103241,14.159852125269165,13.774427053084779,0.8896875,0.900546875
2fb5_A,205,0.9185680355876684,0.041724124476588284,1.0,0.7293546586297452,1.5898720814853178,0.7848227896341464,0.08575185350491665,0.8363204656862745,0.0,0.4463414634146343,0.338719512195122,0.18925304878048782,0.06943597560975612,0.7588797814207647,0.44600480794906616,0.6905805934187931,1.6564263105392456,1.1438958644866943,0.7134740634896289,2.2362931788652793,0.319043169398591,19.65081064791073,19.41102234554579,0.9141390931372549,0.9261259191176471
2hng_A,127,0.9091232107020915,0.04297359013681047,1.0,0.8911063051782548,1.3625116494085283,0.8370447834645669,0.09904410087619908,0.7061011904761904,0.0,0.27755905511811024,0.20189468503937008,0.40095964566929143,0.1309055118110236,0.7273936170212766,0.7739479541778564,0.9745691746360909,0.9520167708396912,0.9278061985969543,0.6485517312740458,1.4215820145332951,0.45621830090961374,17.70049420979155,17.619874538039348,0.9120163690476191,0.9043898809523809
2hq4_A,161,0.9374673631973565,0.03529862836241627,1.0,0.9351830403320491,1.2190552181383438,0.8606002523291925,0.08341259000007994,0.8323730468749999,0.0,0.31109277950310565,0.20293090062111802,0.21142274844720493,0.08491847826086957,0.6523163313055684,0.5379216074943542,0.9213287857704578,0.8786719441413879,0.8095457553863525,0.6157524518583013,1.2052425933980393,0.5108950307856777,16.529216274341472,16.27961973433226,0.884912109375,0.895556640625
2iay_A,114,0.9274389646016061,0.03360994773669835,1.0,0.8543090485036373,1.122968794440503,0.8811848958333333,0.0816148542216979,0.7809043141592921,0.0,0.2064830043859649,0.14939692982456143,0.30448190789473684,0.12397203947368421,0.723531364088948,0.6372691988945007,0.6468890538251066,1.1745651960372925,0.7598133683204651,0.5550422075151027,1.5846685154684659,0.35025761040694303,14.114551430160958,14.017365651168955,0.8714048672566371,0.8598589601769911
2nug_B,221,0.9555036006495357,0.02290375549995614,1.0,0.7072224137373269,1.1860450647814638,0.8698299632352944,0.09068002371350303,0.69765625,0.0,0.5802460407239818,0.4127545248868778,0.11287471719457016,0.027785633484162898,0.7113439746557818,0.6398118734359741,0.32857346939739995,2.32063627243042,0.7624995112419128,0.5887233846831595,2.588610262706362,0.22742835921065077,20.59236480164285,21.042379231955596,0.9294389204545455,0.9308238636363636
2ov9_C,216,0.9086761972866952,0.04711433582428357,1.0,0.7954399422742426,1.8505013245478352,0.7718912760416667,0.09543885229504667,0.7541424418604651,0.0,0.27607783564814814,0.2174117476851852,0.23665364583333337,0.0968967013888889,0.7875016376260973,0.7707420587539673,0.6702356630991115,1.5438882112503052,1.0347689390182495,0.9118968834479649,2.500261607663385,0.3647205878988705,19.474555479594457,19.11226969865212,0.8959302325581395,0.8952034883720931
2pbk_B,228,0.9590181326493621,0.022241461127046915,1.0,0.8970675966702402,1.139448700765623,0.8782552083333335,0.09030292398529127,0.7465239537444934,0.0,0.3201754385964912,0.24307839912280702,0.21892132675438591,0.09590871710526315,0.7592037671232876,0.5849630832672119,0.6534567488523575,1.0979655981063843,0.717473030090332,0.5914420113481325,1.7250920101143847,0.3428466469501044,17.445076366812472,17.04968498281275,0.8936536343612335,0.9151294052863436
2prv_A,153,0.9509347095154226,0.024048372122641708,1.0,0.8660571346990764,1.0764706232778884,0.8966503267973858,0.09039701905567199,0.7158203125,0.0,0.41094771241830075,0.3085171568627451,0.2002144607843137,0.07883986928104574,0.7507455268389661,0.8798258900642395,0.5647858237199962,1.2851678133010864,0.7258445620536804,0.5600083940330594,2.1984066594606158,0.2547337598451684,16.081820354433454,16.281515058619078,0.8607627467105263,0.880602384868421
2wcu_A,149,0.9476027679629624,0.027545857204066177,1.0,0.9020387753844261,1.102118831559359,0.8914114932885906,0.08824179880321026,0.7310494087837838,0.0,0.33404991610738255,0.26646392617449666,0.17423447986577176,0.06569840604026844,0.7976769737874745,0.5341907739639282,0.7597699309501809,1.064944863319397,0.809113085269928,0.6152470205022,1.3950960896481042,0.4410069134789049,15.031162317774461,15.005912791665317,0.9108424831081081,0.9125316722972973
2y7b_A,134,0.9042579201050103,0.04303694275050878,1.0,0.9159851772710681,1.5447251922499596,0.8307194496268656,0.08629416659823619,0.7816024436090225,0.0,0.17449860074626866,0.11975279850746268,0.40502565298507465,0.14709654850746268,0.6862679585699966,0.776273250579834,0.9257381202594009,0.9966485500335693,0.922635555267334,0.7041349707663744,1.7831205121402083,0.39488916535497054,15.298386238372448,15.251413545066043,0.9056625939849624,0.9049577067669173
2zd2_B,234,0.9468336263671517,0.029454787976896102,1.0,0.9020381849259138,1.3366741049875266,0.8399188701923077,0.09361263882601634,0.7221030042918455,0.0,0.5812633547008546,0.4291866987179488,0.07648904914529914,0.025841346153846163,0.7383687535898912,0.43019673228263855,0.7788370221043824,1.0805015563964844,0.8415346145629883,0.6047605442247171,1.813185664566084,0.3335348144666935,21.248468950068638,20.875418868190692,0.9273068669527897,0.9319004828326181
3a7l_A,128,0.9481002227403224,0.02840117287588008,1.0,0.9135641935281456,0.9942023663777046,0.9166412353515625,0.08599701584898867,0.839136318897638,0.0,0.2047119140625,0.14630126953125,0.3194580078125,0.17401123046875,0.7146690518783542,0.6537688970565796,1.0236831719717485,0.8086220026016235,0.8277727365493774,0.532233870509027,1.1922380974923057,0.4464157550647822,13.849029736460281,13.605121711621809,0.9125246062992126,0.9129552165354331
3ckf_A,228,0.9394581578671932,0.03168946253007315,1.0,0.8030713982880116,1.436808374433305,0.8261376096491229,0.08902751005371101,0.7650399229074889,0.0,0.035190515350877194,0.025699013157894735,0.5377261513157896,0.25500274122807015,,0.6506773233413696,0.43443108936472796,1.9993458986282349,0.8685780167579651,0.758260872480513,2.48126832726358,0.30559406419246354,22.28015987261529,21.643189673550808,0.854556718061674,0.8555547907488987
3czz_B,101,0.934307187795639,0.03668902375596077,1.0,0.9220510306768119,0.9724855767487703,0.9096921410891088,0.10839657371980138,0.6259374999999999,0.0,0.04556002475247526,0.025216584158415843,0.5660581683168315,0.1966274752475248,,0.5017604827880859,1.0750769466369965,0.6928035616874695,0.7448171377182007,0.5346608384587299,0.886132769475038,0.6033642551956104,14.043490455339038,13.998028059369545,0.804453125,0.80703125
3dqy_A,106,0.9373088274151087,0.03470082426114859,1.0,0.946321944706142,0.9753447800743036,0.9074845224056604,0.09521828795550391,0.7972470238095237,0.0,0.040020636792452824,0.021005306603773585,0.44943985849056606,0.22383549528301888,,0.5716346502304077,1.226648902471942,0.643909215927124,0.7898505330085754,0.4850480227292269,0.8169194503762256,0.5937525694924292,13.225035829897234,13.192619237575645,0.8451636904761904,0.8720238095238095
3fcn_A,164,0.927334934938699,0.028227406747865526,1.0,0.7131883623078465,1.3749218887961128,0.826731612042683,0.08994451531907544,0.8019555214723926,0.0,0.6232374237804879,0.4684641768292683,0.0,0.0,0.751662462737904,0.6711991429328918,0.5178173036346664,1.8794060945510864,0.9731889963150024,0.9308068519693682,4.481846801988009,0.20768377258153736,20.878740369571943,20.383174796145944,0.9392254601226994,0.9481403374233128
3fm2_A,135,0.9364389521069825,0.03001028636451673,1.0,0.8865204709582031,1.1550507338892668,0.8836082175925926,0.09534548214287497,0.7075559701492538,0.0,0.17019675925925926,0.10214120370370372,0.4482060185185185,0.18634259259259256,0.6001360081604897,0.5962915420532227,0.7047907655382597,1.1046123504638672,0.7785205841064453,0.5508011058829296,1.494858790403125,0.3684636364444783,14.809436741602212,14.63315804001221,0.8519706156716418,0.8881763059701493
3frr_A,191,0.9002944682724774,0.052448037224241566,1.0,0.8526592710986733,1.7897334901846733,0.7592236583769634,0.09332202319637872,0.73515625,0.0,0.7158049738219895,0.52278304973822,8.18062827225131e-05,0.0,0.7303428571428573,0.5364895462989807,0.7111212490931392,1.4693124294281006,1.0448592901229858,0.8199415372020897,2.5463109841291933,0.32201154623793904,21.036197104201733,20.8299915849906,0.9276726973684211,0.9404194078947369
3g6i_A,204,0.9276327821426094,0.03582359053190675,1.0,0.8326064706780016,1.5747450644260468,0.8136393229166667,0.09491329587763175,0.6987376847290641,0.0,0.7738970588235294,0.579580269607843,0.0,0.0,0.7489113222486142,0.8346163630485535,0.6454083171358899,1.4526325464248657,0.937541127204895,0.8160401416921067,1.9331829188883989,0.42212256984007424,21.345065595583335,20.55864317007202,0.9511237684729064,0.9507389162561576
3it4_B,205,0.952570119407028,0.02662679694728058,1.0,0.7116332235746086,1.1972472450450553,0.8715605945121951,0.09314776756218635,0.7112438725490196,0.0,0.38506097560975616,0.22534298780487816,0.22808689024390252,0.11524390243902441,0.5852137767220904,0.7817152142524719,0.5762846373800444,1.5034748315811157,0.8664294481277466,0.6617782278307554,2.571825995116398,0.2573184302077186,19.029126825456586,19.313535129222597,0.9173943014705882,0.8962928921568627
3l4h_A,109,0.889025567099452,0.053953834669189266,1.0,0.8618153249844909,1.4589510861912913,0.8263331422018348,0.09283784893341362,0.7038483796296298,0.0,0.4383600917431193,0.27902809633027525,0.11145355504587157,0.029959862385321105,0.6365271419228254,0.5792155265808105,0.9150903393570964,1.1161072254180908,1.021338939666748,0.6122653348349977,1.3367649509988981,0.4580201884987201,13.949065538998354,13.988433808376886,0.9222366898148148,0.9144965277777778
3lui_B,115,0.9015294783748686,0.05518797779053577,1.0,0.8125912202522159,1.3746905399785518,0.8415251358695652,0.09556011573295109,0.7281387061403509,0.0,0.45441576086956514,0.3551630434782609,0.20665760869565217,0.07506793478260868,0.781581701300643,0.7812916040420532,0.8472351224322847,1.2010576725006104,1.0175782442092896,0.7524525398838109,2.069906811056466,0.36352000769530507,14.299526633455773,14.309797023236642,0.9038514254385965,0.9260553728070176
3lyf_D,245,0.9643765608780086,0.021686736014531444,1.0,0.9661039640195668,1.0770276757308217,0.8827487244897959,0.09099705881089903,0.7053342725409837,0.0,0.6195790816326531,0.4274872448979592,0.010905612244897958,0.006122448979591837,0.689963973237262,0.4540115296840668,0.9885128111203085,0.7498013377189636,0.7411882281303406,0.5617880726682729,1.03382526595017,0.5434071802761985,17.906963541858236,17.643420576061075,0.9060578893442623,0.9197617827868853
3nl9_A,171,0.905653478577733,0.04800304674813599,1.0,0.5335989526938647,1.6632896201984906,0.788548519736842,0.10354284857749008,0.666452205882353,0.0,0.6121619152046782,0.4737755847953216,0.016721491228070172,0.008223684210526315,0.7739383536084784,0.740739643573761,0.6272341244895523,1.7186404466629028,1.077989935874939,0.7598004582284511,2.9499636751481857,0.2575626488655946,17.3147822876342,18.739338040657053,0.9137408088235294,0.9275275735294117
3o79_A,105,0.8690863219089806,0.05364607245038855,1.0,0.9091005981899798,1.5929390372550642,0.8071800595238094,0.09209833876229823,0.792217548076923,0.0,0.6101190476190474,0.3699404761904761,0.03846726190476189,0.013095238095238096,0.6063414634146341,0.625747799873352,0.9898974451472533,0.9513799548149109,0.9417685866355896,0.6460387163121125,1.2797140986069866,0.5048305062946077,14.816645610976527,15.155338793944232,0.9420823317307693,0.9425330528846154
3obl_B,132,0.9527056170627475,0.02300389807076189,1.0,0.9397202176041901,0.9565139420814539,0.9195963541666666,0.09889196819858626,0.7091483778625955,0.0,0.0001775568181818182,0.002130681818181818,0.5546283143939393,0.22455018939393942,,0.5674851536750793,1.015185906750489,0.7309287190437317,0.742028534412384,0.5330003617138698,1.0523656943748738,0.506478275149859,14.085520265671747,13.930161285259874,0.8259780534351145,0.8303912213740458
4a3p_A,217,0.9364747502841055,0.035492983679453305,1.0,0.8238862538710237,1.4203588711812856,0.8210235455069124,0.08904197160154581,0.8110532407407408,0.0,0.2388392857142857,0.1626224078341014,0.26699308755760365,0.10411866359447004,0.6808863430810975,0.6817072629928589,0.4477009005114298,2.0934765338897705,0.9372513294219971,0.6783165204799039,3.541114314123132,0.19155453913886764,22.37911084094032,22.050261289958637,0.8776403356481481,0.8899016203703703
4q7o_B,146,0.935738006606698,0.031001680985868175,1.0,0.861712355632335,1.2331163986079723,0.8766186857876712,0.10056775965495035,0.6593211206896552,0.0,0.5332833904109588,0.40025684931506855,0.14752782534246572,0.05003210616438357,0.7505518763796911,0.8403953909873962,0.6680891575614791,1.2279962301254272,0.820410966873169,0.6803815936220103,1.7156928643412974,0.3965637485373747,15.528124721228004,15.352342777269062,0.9042564655172414,0.9260237068965518
4qmd_B,193,0.9242311473935843,0.041124120498297036,1.0,0.9396682106889784,1.4851948975910005,0.8036350388601037,0.09140537810162641,0.7254638671875,0.0,0.394794365284974,0.31670984455958545,0.15596664507772023,0.04687500000000001,0.8022147031682559,0.5510961413383484,1.0007608422289769,0.9181488752365112,0.9188474416732788,0.6215135975130673,1.3659592206450715,0.4550015755371956,17.06165333236506,16.720200861505916,0.8911539713541666,0.895751953125
4qn8_B,155,0.9311517574824393,0.034869324721067095,1.0,0.9248784598894417,1.3047013663985219,0.8589339717741936,0.08685275554307736,0.768161525974026,0.0,0.6004032258064517,0.4696572580645161,0.012197580645161292,0.0003024193548387097,0.7822364002686365,0.6442792415618896,0.8565566311532196,0.9549915790557861,0.8180043697357178,0.6338069351582691,1.45441369064923,0.4357817443779332,15.354175852455391,15.625146986897718,0.9197950487012987,0.9307528409090909
4ywk_A,206,0.929135630838573,0.035360390061246444,1.0,0.8947766837663949,1.7019769921524066,0.840649651092233,0.09037616156274453,0.7634527439024391,0.0,0.29027609223300965,0.20775182038834952,0.3012363470873786,0.11582220873786406,0.7157042069506142,0.6417374014854431,0.749064006937433,1.2550818920135498,0.9401366710662842,0.7257955698788852,1.6869656649129143,0.43023731008559246,18.929948698534083,18.443829536421,0.8879573170731707,0.9150914634146341
5htl_A,145,0.9143041195347905,0.04934163012278191,1.0,0.7917350833304226,1.4034415167130305,0.8299838362068965,0.08929348710807972,0.7629123263888888,0.0,0.4735991379310345,0.37413793103448273,0.13701508620689656,0.061368534482758634,0.7899886234357224,0.7466415762901306,0.5308863466697432,1.9032765626907349,1.0104235410690308,0.5971134893167978,2.5071545713249295,0.23816381173548765,16.730981907131632,16.092982784697842,0.9027777777777778,0.9177517361111112
5imu_A,227,0.9172257902100682,0.04539066022928153,1.0,0.9101472618058324,1.8808195170272555,0.7832117290748899,0.0979367776599247,0.7240389933628318,0.0,0.48616464757709255,0.3550729625550661,0.07075991189427314,0.02533039647577093,0.730355373070933,0.7801521420478821,0.786366783672242,1.3573589324951172,1.0673819780349731,0.8223403699781703,2.786166519269176,0.295151192253173,18.659693539559804,18.6818093156279,0.8936670353982301,0.9055240597345132
5iqj_A,134,0.9410217925906181,0.031629263968124745,1.0,0.9250471750274301,1.0985277528125401,0.8931465718283582,0.09065974209806882,0.708470394736842,0.0,0.5838969216417909,0.42805503731343286,0.0714785447761194,0.027402052238805964,0.7331003494757866,0.7717623114585876,1.0507221008472851,0.7654825448989868,0.8043094277381897,0.5351142677082412,1.1548916602956838,0.4633458584082574,14.653812900496165,14.358390083585615,0.9447838345864662,0.9481907894736842
5kza_A,104,0.8962842123582959,0.06211396804775664,1.0,0.8211433012038469,1.3495250755368406,0.8494403545673077,0.10446381423389539,0.6708131067961164,0.0,0.7666015625,0.5768479567307692,0.0,0.0,0.7524742773150416,0.5930671691894531,0.8744921431721049,1.1524955034255981,1.0078482627868652,0.5872819600776694,1.7947903264528033,0.3272148013179705,15.207526051208838,15.022441126952533,0.9305976941747572,0.9361347087378641
5lbd_A,131,0.9321700092405081,0.030820806090132224,1.0,0.8747507301159203,1.1967013586545718,0.8810979246183206,0.09391779973520897,0.7221754807692308,0.0,0.28816793893129766,0.22638358778625955,0.2660424618320611,0.0947638358778626,0.7855960264900664,0.7678752541542053,0.7319985090905268,1.099894404411316,0.8051210641860962,0.639026535790542,1.382562915073044,0.4622043082623699,14.072448347411601,14.030299307751282,0.8676081730769231,0.8621995192307692
5ol4_A,100,0.9146588984876871,0.043588724658617094,1.0,0.7180587472394109,1.2015448969418614,0.876328125,0.09066379963769577,0.7617582070707071,0.0,0.5146875,0.39539062499999994,0.16375,0.04843750000000001,0.7682149362477231,0.7285580635070801,0.4563962782846979,1.9447526931762695,0.8875778913497925,0.5998456315405067,1.5810655428075242,0.3793932732702219,14.117587997557573,13.702235471258078,0.9100378787878788,0.9165877525252525
5t2p_B,155,0.8964678412303329,0.03904525565569172,1.0,0.683689325582236,1.6612342313636752,0.781186995967742,0.10068051959387958,0.7080458603896104,0.0,0.6308971774193548,0.5107358870967742,0.00020161290322580645,0.0019153225806451612,0.8095390269233842,0.8008326888084412,0.4141624300673638,2.5191452503204346,1.0433353185653687,0.8736531595731604,3.8612441915205156,0.22626208450937815,19.69109773542116,18.958053377450064,0.9316659902597403,0.9554586038961039
5x1e_A,110,0.932647047098726,0.04048217783799451,1.0,0.943288117647171,1.030884540720626,0.8954723011363637,0.08955646335380152,0.7186066513761468,0.0,0.4661931818181818,0.3718039772727272,0.15980113636363635,0.054829545454545464,0.7975319926873855,0.6336780190467834,1.198133622096225,0.7034031748771667,0.8427709937095642,0.48382659379778237,1.0711138614292803,0.45170416630793153,13.516971939606641,13.693810559492967,0.9117689220183486,0.9103354357798165
5x1e_B,148,0.9090217943303287,0.04947691300255691,1.0,0.6437414125539362,1.482810716602362,0.8195602829391891,0.09743821702431887,0.683939200680272,0.0,0.7096178209459459,0.5223289695945946,0.0,0.0,0.7360708175258499,0.3764636516571045,0.4759523869281611,1.9616261720657349,0.9336406588554382,0.6335644185200505,3.2825584414361537,0.19300933397635395,16.787776029909004,17.73060902631345,0.938562925170068,0.9527529761904762
5z42_A,102,0.9025282030925155,0.04160262254303268,1.0,0.744427212048322,1.262901400697979,0.8526156556372548,0.09035109265823849,0.7359220297029704,0.0,0.38074448529411764,0.28224571078431376,0.19117647058823534,0.1297487745098039,0.7412995373164354,0.6918396353721619,0.6286200869727883,1.452313780784607,0.9129536151885986,0.6673863389711271,1.9281370631579695,0.34613013344500454,14.90228794039458,14.63336458646786,0.8749226485148515,0.8936417079207921
6gus_A,155,0.9171738480217755,0.045198030388880144,1.0,0.870018174406141,1.519033467418545,0.8299647177419356,0.09111031130305491,0.7503043831168832,0.0,0.16542338709677418,0.12469758064516129,0.3559475806451613,0.15514112903225802,0.7538086532602073,0.8059080839157104,0.7224007889490326,1.3597687482833862,0.9822980165481567,0.7036777754624685,2.1944197602655695,0.32066689710145024,17.261660059303686,17.34327452038474,0.8974228896103896,0.895900974025974
6h95_A,226,0.9370290543884039,0.03174517469306028,1.0,0.8878500242717564,1.5142137598114456,0.8212804203539822,0.09356277115875855,0.6923958333333333,0.0,0.7057176438053097,0.4766316371681416,0.00020741150442477876,0.0,0.6753857457751654,0.7303842902183533,0.6935314414433189,1.3156211376190186,0.912424623966217,0.7568911695617369,2.918394128481547,0.25935193679804674,19.00608604401513,19.231469254874057,0.9290625,0.9330902777777778
6hj6_A,171,0.9253160743974149,0.04060259568091964,1.0,0.7624699370935559,1.7100023695245774,0.8438984831871343,0.09672179058543406,0.7209558823529412,0.0,0.2055921052631579,0.15506213450292397,0.2738029970760234,0.11106542397660818,0.7542222222222221,0.8711624145507812,0.34971731968929454,2.5622293949127197,0.8960559964179993,0.7241069753279631,2.7984968960970296,0.2587485361652003,16.624432328061427,16.50643230456376,0.8841911764705882,0.9026194852941176
6mdw_A,194,0.8995260461233556,0.05048535510020828,1.0,0.6434393378440291,2.0746159816981056,0.7728535760309279,0.09735875891055912,0.8059018782383418,0.0,0.3497503221649484,0.29071359536082475,0.13998067010309276,0.0582715850515464,0.8312032239493381,0.7513285875320435,0.34083599113258034,3.10469913482666,1.0581932067871094,1.039426573117574,3.4540580738549944,0.30092909583233907,20.665966824341208,20.732437402763196,0.874190414507772,0.8871842616580311
6p5h_A,105,0.8829594179987907,0.05236636749344872,1.0,0.7776686670258641,1.588250705249429,0.8285528273809524,0.09355609767953865,0.8313551682692307,0.0,0.28377976190476184,0.20781249999999998,0.1740327380952381,0.09293154761904762,0.7323020450970111,0.7393531799316406,0.5537626670323806,2.1070261001586914,1.166792392730713,0.7263670076583993,2.9354893545994813,0.24744324366916498,13.997469293714788,13.892971724192531,0.9290865384615384,0.9159405048076923
6uof_A,119,0.926843911409378,0.03929064870326174,1.0,0.9188630930148065,1.1487586322775378,0.8744419642857145,0.08791118874796666,0.805415783898305,0.0,0.3046218487394957,0.18887867647058826,0.26798844537815125,0.08665966386554622,0.6200431034482761,0.4025668799877167,1.2255078306805955,0.7052565217018127,0.8642973899841309,0.5332317327630931,1.2513092965915285,0.4261390323044637,14.454377731827474,14.15452676620195,0.9177039194915254,0.9045286016949152
7zoy_A,234,0.9469247753731906,0.03254254327574564,1.0,0.941088707651943,1.322769795227508,0.8397519364316239,0.09549201364279725,0.6802910407725322,0.0,0.8230502136752138,0.6126135149572651,0.022803151709401705,0.021367521367521368,0.7443209475904593,0.7794631719589233,0.9702251558892362,0.9107637405395508,0.8836458921432495,0.6130782796391125,1.2730870500378224,0.4815682318195747,19.466252844328526,19.392494905550297,0.9596968884120172,0.9678111587982833
